,Run Failed/Stopped Early,BLEU,SARI,FKGL,loss,nll_loss,warmup_updates,parametrization_budget,beam,dropout,fp16,label_smoothing,lr,lr_scheduler,max_epoch,max_tokens,optimizer,LengthRatio,Levenshtein,WordRank,DepTreeDepth,Rec. LengthRatio,Rec. Levenshtein,Rec. WordRank,Rec. DepTreeDepth
64,TRUE,67.77,39.69,7.2,13.105,13.066,4000,256,3,0.8853898381,FALSE,0.06857449906,0.000541696237,fixed,100,5000,adam,0.214798337,0.3151708026,0.0009605586597,0.04847366761,,,,
113,TRUE,72.57,38.26,8.02,14.051,8.747,4000,256,5,0.1807782634,FALSE,0.9800807007,4.17E-05,fixed,100,5000,adam,0.8873417541,0.9397305083,0.5284281426,0.9849272658,,,,
119,TRUE,72.57,38.26,8.02,14.051,8.747,4000,256,5,0.1807782634,FALSE,0.9800807007,4.17E-05,fixed,100,5000,adam,0.8873417541,0.9397305083,0.5284281426,0.9849272658,,,,
54,TRUE,72.79,36.69,7.04,12.755,8.863,4000,256,6,0.2502543182,FALSE,0.7385469142,4.63E-06,fixed,100,5000,adam,0.6857613282,0.7862351164,0.04486896111,0.2539147436,,,,
69,FALSE,0.1853767802,36.56545322,8.659699803,10.436,8.667,4000,256,2,0.1196058647,FALSE,0.3182347886,4.35E-06,fixed,100,5000,adam,0.8402369984,0.7460899603,0.6479291499,0.9258573112,0.95,0.4,0.9,0.7
112,FALSE,0.2678360854,36.40794393,5.925540866,13.587,13.152,4000,256,6,0.8684553392,FALSE,0.8847967942,6.74E-06,fixed,100,5000,adam,0.9013201568,0.6709862378,0.9337117127,0.8294725109,0.65,0.4,0.9,1.05
13,FALSE,0.3845268782,36.35268979,4.925307686,10.998,10.147,4000,256,6,0.6691001359,FALSE,0.2273780557,0.0003895757959,fixed,100,5000,adam,0.9593550523,0.8197981677,0.7061441577,0.08726946351,0.45,0.4,0.75,0.65
83,FALSE,0.2198937839,36.30317126,9.120257183,13.198,13.158,4000,256,9,0.8728858037,FALSE,0.08283219669,8.12E-06,fixed,100,5000,adam,0.7786964114,0.769565717,0.04673603826,0.1624762013,0.95,0.4,0.9,0.7
82,FALSE,0.199105047,36.2474763,9.55517274,11.962,9.131,4000,256,3,0.3567558455,FALSE,0.5749473944,2.48E-05,fixed,100,5000,adam,0.9793131371,0.8217713819,0.9177201881,0.3016600556,0.95,0.4,0.9,0.7
47,FALSE,0.2667534219,36.21024682,7.005986962,9.054,8.589,4000,256,4,0.01322026984,FALSE,0.08144495379,6.40E-06,fixed,100,5000,adam,0.5991636797,0.9831544505,0.6472774646,0.5894387413,0.65,0.4,0.9,0.45
110,FALSE,0.3307518254,35.97810933,8.023185468,11.952,11.217,4000,256,6,0.8132532561,FALSE,0.287305732,0.0005380717908,fixed,100,5000,adam,0.05744403606,0.2375343778,0.920718642,0.5429245735,0.75,0.45,0.8,1.15
120,FALSE,0.3106243696,35.86937078,6.59991363,11.322,10.038,4000,64,2,0.5317153154,FALSE,0.3310286858,8.02E-06,fixed,100,5000,adam,0.5122988156,0.7796140073,0.6683961863,0.04318870876,0.65,0.4,0.9,0.65
67,FALSE,0.1313931987,35.86159198,9.742573452,13.382,11.66,4000,256,2,0.6679247978,FALSE,0.8220199039,6.59E-05,fixed,100,5000,adam,0.8279461768,0.8004929005,0.06718538251,0.2105914162,1.15,0.4,1.05,1.15
105,FALSE,0.1491254709,35.78836056,8.574617683,12.778,12.742,4000,256,6,0.7969131693,FALSE,0.03939800591,4.50E-05,fixed,100,5000,adam,0.9350407799,0.6117025615,0.4334212899,0.3701494367,0.8,0.4,0.8,0.6
6,FALSE,0.09595438738,35.71959907,9.851262477,12.128,8.357,4000,256,8,0.2308804138,FALSE,0.6499984701,7.16E-06,fixed,100,5000,adam,0.7194911373,0.8137306299,0.1632891174,0.003985232095,1.25,0.4,0.8,0.5
35,TRUE,71.36,35.59,6.57,11.564,9.152,4000,256,7,0.3491455489,FALSE,0.4908911502,3.90E-05,fixed,100,5000,adam,0.5589459838,0.9185925618,0.06786697549,0.6833563176,,,,
92,FALSE,0.1522442872,35.57985023,10.67123855,11.663,11.331,4000,256,3,0.6442631838,FALSE,0.1348346288,9.77E-06,fixed,100,5000,adam,0.5911625877,0.8975490415,0.03607526184,0.5541615024,0.8,0.4,0.75,1.2
60,FALSE,0.1753742376,35.446597,5.980820936,13.613,8.629,4000,256,10,0.2521396874,FALSE,0.9660254775,0.0004605381175,fixed,100,5000,adam,0.5958085674,0.6836490724,0.272317639,0.5545959046,0.65,0.4,0.9,1.05
129,FALSE,0.07345806153,35.44363844,12.38340143,13.586,13.384,4000,64,7,0.9390122818,FALSE,0.7364681474,0.0009234910525,fixed,100,5000,adam,0.7033933005,0.8345358529,0.4673197935,0.955361364,0.8,0.4,0.6,1.25
130,FALSE,0.07206739889,35.41754897,11.73079756,13.326,13.309,4000,64,10,0.919057655,FALSE,0.04849376604,7.91E-05,fixed,100,5000,adam,0.9441531344,0.9099449472,0.9100831345,0.1828444983,0.8,0.4,0.6,1.25
2,FALSE,0.17514358,35.39353275,5.05565514,13.694,12.016,4000,256,8,0.6991947949,FALSE,0.9905660782,3.72E-05,fixed,100,5000,adam,0.7662549269,0.694379741,0.1470985137,0.774590603,0.6,0.4,0.85,0.8
68,FALSE,0.1630062233,35.33276716,4.255089745,8.251,8.13,4000,256,5,0.07477955216,FALSE,0.01959720443,4.70E-06,fixed,100,5000,adam,0.5251426439,0.9749809481,0.6730570347,0.6301135343,0.65,0.4,0.9,0.45
48,FALSE,0.7315675769,35.28206508,4.472841694,13.661,13.569,4000,256,10,0.9685978079,FALSE,0.7177399314,0.000164423756,fixed,100,5000,adam,0.7988977394,0.8360739343,0.01234686413,0.6139119778,0.4,0.4,0.7,0.95
50,FALSE,0.4348687273,35.13397116,5.272137885,11.966,9.507,4000,256,2,0.4720611043,FALSE,0.5501637924,7.65E-06,fixed,100,5000,adam,0.598620817,0.965891091,0.06659896753,0.8451155676,0.45,0.4,1.1,0.65
36,TRUE,52.01,34.97,5.33,8.815,8.313,4000,256,7,0.02690616204,FALSE,0.08381875423,7.25E-05,fixed,100,5000,adam,0.6600118067,0.5759064553,0.951267338,0.592822933,,,,
24,TRUE,79.08,34.95,8.06,10.714,8.432,4000,256,6,0.3403028458,FALSE,0.4046920092,0.0003495524332,fixed,100,5000,adam,0.5799641773,0.9826870465,0.2308868694,0.555799269,,,,
4,TRUE,61.55,34.94,5.22,13.074,9.565,4000,256,3,0.4884818342,FALSE,0.8025947927,9.04E-05,fixed,100,5000,adam,0.4438003895,0.7121243476,0.1139972484,0.4875524237,,,,
77,FALSE,0.3977561007,34.64420582,7.923091455,12.655,9.924,4000,256,7,0.5200621921,FALSE,0.682220791,9.17E-06,fixed,100,5000,adam,0.9990405124,0.6948705376,0.5967504972,0.04215969497,1,0.45,1.25,1
61,TRUE,58.98,34.42,5.27,13.337,13.333,4000,256,8,0.9229449747,FALSE,0.01465663912,9.15E-05,fixed,100,5000,adam,0.4703057598,0.8018966687,0.08444567943,0.9431750702,,,,
65,TRUE,61.46,34.36,5.21,12.47,10.276,4000,256,4,0.5639274602,FALSE,0.610451823,0.0002254434498,fixed,100,5000,adam,0.5078851629,0.6844021387,0.8570898457,0.9398407683,,,,
116,TRUE,44.39,34.36,4.62,13.276,12.685,4000,256,10,0.8052468178,FALSE,0.6061086957,9.82E-05,fixed,100,5000,adam,0.6463039029,0.6721480919,0.617619003,0.3634146891,,,,
131,TRUE,44.39,34.36,4.62,13.276,12.685,4000,256,10,0.8052468178,FALSE,0.6061086957,9.82E-05,fixed,100,5000,adam,0.6463039029,0.6721480919,0.617619003,0.3634146891,,,,
81,TRUE,53.33,33.97,5.22,9.57,7.885,4000,256,2,0.3241674195,FALSE,0.2677723007,0.000903535816,fixed,100,5000,adam,0.6095439526,0.6225339525,0.99745778,0.1519835967,,,,
30,TRUE,59.11,33.69,5.26,13.466,13.295,4000,256,4,0.9099110766,FALSE,0.484495915,4.38E-06,fixed,100,5000,adam,0.4917160128,0.6454560625,0.9279543777,0.5312712218,,,,
95,TRUE,29.63,33.54,5.36,13.878,8.595,4000,256,9,0.3127694731,FALSE,0.9665531717,3.17E-05,fixed,100,5000,adam,0.9257339827,0.4863250655,0.3411876713,0.2269036809,,,,
15,TRUE,66.58,33.43,5.58,11.348,9.664,4000,256,2,0.4916558145,FALSE,0.3922394188,8.03E-06,fixed,100,5000,adam,0.3287061411,0.9254391418,0.3175604647,0.783398318,,,,
34,TRUE,43.38,33.3,4.94,9.396,8.672,4000,256,7,0.4598445128,FALSE,0.1337392867,0.0007132085565,fixed,100,5000,adam,0.6594133468,0.5451017035,0.2129778454,0.1015221614,,,,
125,TRUE,62.22,32.41,5.44,12.354,12.045,4000,64,2,0.7934597402,FALSE,0.1874074846,0.0004805009835,fixed,100,5000,adam,0.3055122836,0.9936475611,0.8246963342,0.1671274239,,,,
121,TRUE,48.57,32.26,4.07,13.19,8.647,4000,64,7,0.01458696469,FALSE,0.928280898,0.0007031759616,fixed,100,5000,adam,0.275538538,0.8301094625,0.8221338412,0.7339946339,,,,
75,TRUE,49.28,32.19,4.34,10.929,10.08,4000,256,4,0.5209208418,FALSE,0.2204790152,9.87E-05,fixed,100,5000,adam,0.4099599992,0.6414666865,0.8779475962,0.7072338074,,,,
111,TRUE,25.79,32.17,5.02,9.306,8.448,4000,256,4,0.03630027557,FALSE,0.1470441985,4.24E-05,fixed,100,5000,adam,0.9162854013,0.5171692624,0.8103002949,0.9446794719,,,,
106,TRUE,34.8,31.73,4.68,13.327,12.902,4000,256,6,0.8263500282,FALSE,0.565236835,5.80E-05,fixed,100,5000,adam,0.6368005088,0.5249738467,0.1133207523,0.7175784797,,,,
33,TRUE,42.5,31.6,3.46,12.268,12.165,4000,256,4,0.7226447037,FALSE,0.06626125509,4.43E-05,fixed,100,5000,adam,0.3710678607,0.8296591524,0.3896034956,0.3828891249,,,,
79,TRUE,51.41,31.41,4.87,12.838,12.013,4000,256,10,0.7089954524,FALSE,0.4804017568,6.60E-05,fixed,100,5000,adam,0.2998822673,0.9256859163,0.9260461325,0.2116953532,,,,
94,TRUE,29.53,31.08,4.6,11.849,7.616,4000,256,7,0.2005671615,FALSE,0.665153396,0.0002918931671,fixed,100,5000,adam,0.7178095443,0.4940910559,0.6560111977,0.39726398,,,,
104,TRUE,26.79,31.05,4.84,11.441,10.697,4000,256,5,0.6919414012,FALSE,0.238048041,0.0008488248277,fixed,100,5000,adam,0.7414366292,0.4438552098,0.2474776803,0.9736800175,,,,
85,TRUE,40.71,30.61,3.79,13.593,13.367,4000,256,10,0.9306868302,FALSE,0.7873807769,6.73E-06,fixed,100,5000,adam,0.3195679962,0.7890380238,0.1303168575,0.5272594818,,,,
107,TRUE,35.01,30.43,3.81,13.681,13.676,4000,256,4,0.9806812042,FALSE,0.09225976625,1.62E-05,fixed,100,5000,adam,0.4577872593,0.4693301012,0.03921802331,0.8939420577,,,,
19,TRUE,35.39,29.88,2.8,11.367,8.066,4000,256,2,0.1572406813,FALSE,0.5395760216,3.30E-05,fixed,100,5000,adam,0.2546279337,0.919362533,0.5972996361,0.949582461,,,,
114,TRUE,34.63,29.6,3.34,8.218,8.129,4000,256,8,0.3621743628,FALSE,0.01463303194,0.0008563873971,fixed,100,5000,adam,0.2758325982,0.7482805719,0.9058244036,0.502682136,,,,
126,TRUE,34.63,29.6,3.34,8.218,8.129,4000,256,8,0.3621743628,FALSE,0.01463303194,0.0008563873971,fixed,100,5000,adam,0.2758325982,0.7482805719,0.9058244036,0.502682136,,,,
10,TRUE,24.26,29.21,4.83,13.1,13.004,4000,256,5,0.8358031485,FALSE,0.1494300578,4.38E-06,fixed,100,5000,adam,0.6788631529,0.4327906229,0.3155550116,0.8926239797,,,,
128,TRUE,30.14,28.08,3.54,10.471,7.745,4000,64,4,0.3002504771,FALSE,0.4283875656,0.0006610554713,fixed,100,5000,adam,0.2021452144,0.990076077,0.6715105598,0.5015221907,,,,
52,TRUE,26.3,28.07,2.59,13.559,13.451,4000,256,4,0.9478487922,FALSE,0.4991283643,0.0001788442532,fixed,100,5000,adam,0.2729317801,0.6257901589,0.7967047199,0.9824563497,,,,
3,TRUE,28.75,27.97,3.11,13.565,12.877,4000,256,3,0.8182023411,FALSE,0.8867129305,4.04E-05,fixed,100,5000,adam,0.1900361069,0.8799842772,0.1568898122,0.7450438212,,,,
57,TRUE,22.66,27.28,2.19,9.31,7.979,4000,256,10,0.0006961395032,FALSE,0.2097975432,5.68E-05,fixed,100,5000,adam,0.2621365396,0.4525072723,0.8120764794,0.3109140151,,,,
103,TRUE,21.18,26.72,2.58,10.17,8.317,4000,256,2,0.2593353215,FALSE,0.3181451077,8.10E-05,fixed,100,5000,adam,0.3170900658,0.3813990484,0.9731874012,0.5098640143,,,,
55,TRUE,18.83,26.16,1.81,12.986,9.161,4000,256,2,0.4293450657,FALSE,0.800817161,0.0006935243092,fixed,100,5000,adam,0.19757362,0.7549494433,0.7325405129,0.2973820503,,,,
46,TRUE,18.23,25.93,1.32,8.857,8.598,4000,256,3,0.2736520231,FALSE,0.04669122268,7.34E-05,fixed,100,5000,adam,0.4306110097,0.09689885957,0.08007050738,0.189642831,,,,
89,TRUE,11.28,25.89,5.35,10.772,8.521,4000,256,5,0.467267226,FALSE,0.4097644463,0.0008021202858,fixed,100,5000,adam,0.9014416649,0.4034903283,0.8483057506,0.5520125337,,,,
42,TRUE,18.17,25.72,2.81,10.155,9.063,4000,256,2,0.5017522308,FALSE,0.2212354724,0.0005143567254,fixed,100,5000,adam,0.1666330113,0.9929929359,0.4022232365,0.06875059407,,,,
5,TRUE,15.94,25.3,2.1,13.362,10.771,4000,256,6,0.5965718344,FALSE,0.8442703244,6.37E-06,fixed,100,5000,adam,0.1677561264,0.8600498235,0.1059816302,0.7599023932,,,,
18,TRUE,9.64,25.3,5.22,11.053,7.781,4000,256,2,0.3243839228,FALSE,0.5225950868,0.0007216581985,fixed,100,5000,adam,0.9291060135,0.4072973635,0.4205325083,0.4061290701,,,,
16,TRUE,15.17,25.19,3.16,11.036,8.309,4000,256,9,0.2619541764,FALSE,0.4684440857,3.83E-05,fixed,100,5000,adam,0.5178756811,0.416363938,0.485769724,0.07431346145,,,,
59,TRUE,8.72,25.12,5.88,13.215,13.026,4000,256,5,0.8931651333,FALSE,0.3077718848,0.0006808953313,fixed,100,5000,adam,0.9057229502,0.3828998697,0.1104074876,0.7133368269,,,,
31,TRUE,15.42,25.11,1.81,13.103,10.212,4000,256,8,0.5565471568,FALSE,0.8696398705,0.0006683012357,fixed,100,5000,adam,0.1799951225,0.6282781252,0.9278606847,0.8768066617,,,,
73,TRUE,12.91,24.61,1.13,8.721,8.316,4000,256,7,0.2141650845,FALSE,0.06921209061,5.73E-06,fixed,100,5000,adam,0.1808664254,0.4435235223,0.334711847,0.6450196309,,,,
76,TRUE,7.32,22.94,4.15,11.102,8.769,4000,256,4,0.3260594194,FALSE,0.4397059546,8.97E-05,fixed,100,5000,adam,0.6323349017,0.3357337012,0.01287076784,0.1246240171,,,,
63,TRUE,8.33,22.93,3.25,13.294,12.966,4000,256,7,0.8782285016,FALSE,0.4868758248,0.0006197635291,fixed,100,5000,adam,0.6227027001,0.2853346455,0.3076046492,0.7263154318,,,,
90,TRUE,8.09,22.9,2.14,13.259,9.442,4000,256,9,0.4065637218,FALSE,0.8330154102,7.56E-06,fixed,100,5000,adam,0.07951568051,0.9357278357,0.2311564097,0.341977433,,,,
37,TRUE,8.05,22.89,3.53,13.572,12.773,4000,256,10,0.7942271023,FALSE,0.8979432667,3.07E-05,fixed,100,5000,adam,0.6418349428,0.2810165519,0.3575816842,0.7925495338,,,,
53,TRUE,7.93,22.83,1.1,8.631,8.42,4000,256,10,0.2578384008,FALSE,0.0369430763,6.68E-06,fixed,100,5000,adam,0.152845332,0.3840716965,0.1239798041,0.0197045466,,,,
20,TRUE,6.07,22.82,4.25,11.783,10.995,4000,256,7,0.7132018475,FALSE,0.2824791719,0.0007576044611,fixed,100,5000,adam,0.821949785,0.3092084988,0.3986881903,0.8529114958,,,,
21,TRUE,8.51,22.79,2.78,13.482,11.996,4000,256,8,0.7020201538,FALSE,0.8544455036,5.12E-06,fixed,100,5000,adam,0.5173117474,0.3016045927,0.169872952,0.334910562,,,,
118,TRUE,8.58,22.75,3.2,12.201,8.592,4000,256,5,0.01064034905,FALSE,0.6327592973,8.55E-06,fixed,100,5000,adam,0.5036700607,0.3443440432,0.3108086919,0.2398554506,,,,
122,TRUE,8.58,22.75,3.2,12.201,8.592,4000,256,5,0.01064034905,FALSE,0.6327592973,8.55E-06,fixed,100,5000,adam,0.5036700607,0.3443440432,0.3108086919,0.2398554506,,,,
108,TRUE,6.66,22.62,3.71,13.046,11.86,4000,256,10,0.6916819465,FALSE,0.6296974765,1.40E-05,fixed,100,5000,adam,0.686778655,0.3092188428,0.4039844592,0.4540110542,,,,
12,TRUE,8.39,22.33,2.23,11.168,8.172,4000,256,7,0.1903902514,FALSE,0.4990684489,7.09E-05,fixed,100,5000,adam,0.3331416453,0.2992375533,0.09240192182,0.6568670204,,,,
98,TRUE,7.69,22.3,2.57,12.202,9.063,4000,256,8,0.32232952,FALSE,0.6250945858,9.31E-06,fixed,100,5000,adam,0.4485531393,0.3561536003,0.5885692171,0.5504751394,,,,
39,TRUE,3.97,22.18,3.01,10.548,8.457,4000,256,10,0.1391067113,FALSE,0.364088175,9.69E-05,fixed,100,5000,adam,0.9799657173,0.2535004919,0.9691994762,0.06404802736,,,,
58,TRUE,5.53,22.06,1.25,13.538,13.304,4000,256,3,0.9109446137,FALSE,0.6830926895,5.34E-06,fixed,100,5000,adam,0.1437851271,0.3414094262,0.3230385606,0.5111275642,,,,
28,TRUE,5.09,21.96,1.9,8.505,7.443,4000,256,8,0.1426458104,FALSE,0.154360731,0.0008556278871,fixed,100,5000,adam,0.09689551499,0.9571860751,0.3565646101,0.0769343693,,,,
80,TRUE,5.12,21.93,2.78,11.598,10.593,4000,256,3,0.5900615467,FALSE,0.3082074493,4.74E-05,fixed,100,5000,adam,0.737056994,0.2425072473,0.5711684886,0.0531517126,,,,
29,TRUE,6.02,21.91,0.74,8.863,7.931,4000,256,6,0.03939688471,FALSE,0.1464533968,0.0002031027878,fixed,100,5000,adam,0.1571394492,0.4661669343,0.7458155229,0.1001086888,,,,
86,TRUE,4.94,21.86,2.68,13.113,12.232,4000,256,3,0.8060861927,FALSE,0.6168343032,0.0007478675171,fixed,100,5000,adam,0.2686022153,0.1142796539,0.09938660269,0.2119836422,,,,
87,TRUE,5.23,21.8,3.04,12.895,8.153,4000,256,7,0.09938140888,FALSE,0.7779567003,6.97E-06,fixed,100,5000,adam,0.7069442487,0.2267614005,0.6057624404,0.1986237095,,,,
91,TRUE,3.57,21.51,1.24,11.792,11.471,4000,256,7,0.6693945027,FALSE,0.1394576708,9.19E-05,fixed,100,5000,adam,0.9295511403,0.2070735461,0.6861286946,0.1617702232,,,,
96,TRUE,5.57,21.4,1.43,10.213,8.083,4000,256,5,0.2587283411,FALSE,0.351379251,8.82E-05,fixed,100,5000,adam,0.5470891546,0.2373020341,0.6021905488,0.7333172032,,,,
22,TRUE,3.99,21.15,0,12.175,10.698,4000,256,5,0.5674783088,FALSE,0.4654465492,8.23E-06,fixed,100,5000,adam,0.7633157523,0.2079856778,0.8069172628,0.5635369319,,,,
100,TRUE,3.25,21.04,1.62,11.361,9.839,4000,256,8,0.5112436009,FALSE,0.3713848904,6.96E-06,fixed,100,5000,adam,0.1218937092,0.8201438454,0.3213927878,0.9902113211,,,,
23,TRUE,1.31,19.99,0,13.453,12.01,4000,256,2,0.7268498169,FALSE,0.9258852678,0.0002072816314,fixed,100,5000,adam,0.9017206568,0.156428175,0.1265715546,0.2081903993,,,,
124,TRUE,3.39,19.85,0.21,10.739,7.569,4000,64,7,0.2894344902,FALSE,0.4868049725,0.0007870354819,fixed,100,5000,adam,0.383484441,0.1996516057,0.3014562536,0.9832523879,,,,
66,TRUE,0.84,19.7,3.18,13.119,9.161,4000,256,10,0.2694335321,FALSE,0.9087839494,0.0005921436404,fixed,100,5000,adam,0.03575116465,0.8671790732,0.01887427524,0.4854344239,,,,
102,TRUE,1.26,19.42,0,13.719,13.646,4000,256,3,0.9777989132,FALSE,0.9731247201,0.0005422010059,fixed,100,5000,adam,0.7952545452,0.1654253241,0.9801048463,0.05469828318,,,,
40,TRUE,0.61,19.13,1.31,13.226,12.866,4000,256,10,0.8648760715,FALSE,0.468455841,0.0008572045722,fixed,100,5000,adam,0.01051884366,0.2055149969,0.4320023173,0.5130499607,,,,
49,TRUE,0.59,19.11,1.38,10.996,8.282,4000,256,3,0.2468520835,FALSE,0.4632748047,8.13E-05,fixed,100,5000,adam,0.0706204787,0.8966660182,0.372343776,0.6765487526,,,,
9,TRUE,1.99,18.91,0,11.26,9.444,4000,256,6,0.4643667787,FALSE,0.4003109405,4.37E-06,fixed,100,5000,adam,0.2721294386,0.1970307696,0.4136724066,0.2315529326,,,,
78,TRUE,0.53,18.9,1.75,12.894,12.004,4000,256,7,0.764489054,FALSE,0.5280718786,0.0004169217746,fixed,100,5000,adam,0.04157516382,0.6207204035,0.1164244833,0.2363224279,,,,
8,TRUE,1.51,18.81,0.1,9.549,7.45,4000,256,7,0.0893633095,FALSE,0.3082634902,0.0004160214925,fixed,100,5000,adam,0.1928252402,0.1849673737,0.2821655577,0.5308498331,,,,
70,TRUE,1.97,18.8,0,11.738,8.086,4000,256,9,0.01293478138,FALSE,0.5863802681,4.18E-06,fixed,100,5000,adam,0.8069665595,0.2431150946,0.405164108,0.08475260032,,,,
84,TRUE,0.8,18.79,0,13.009,7.851,4000,256,5,0.0008636198941,FALSE,0.8358006073,0.0005239137465,fixed,100,5000,adam,0.9395059232,0.08960471692,0.4224584835,0.2372264901,,,,
11,TRUE,0.36,18.78,2.96,13.929,8.139,4000,256,6,0.07945699424,FALSE,0.9453683135,6.17E-06,fixed,100,5000,adam,0.03849078924,0.7198038372,0.2789579844,0.5382921406,,,,
1,TRUE,0.36,18.77,3.31,13.339,13.325,4000,256,7,0.9209105571,FALSE,0.04554649756,9.09E-06,fixed,100,5000,adam,0.06576091379,0.6225938875,0.1580123639,0.1993191886,,,,
26,TRUE,0.49,18.67,0.18,13.181,8.687,4000,256,7,0.1546978686,FALSE,0.8172193825,2.23E-05,fixed,100,5000,adam,0.07257159559,0.8310824655,0.3711472808,0.1922985078,,,,
27,TRUE,1.49,18.54,0,11.935,11.634,4000,256,7,0.6730079654,FALSE,0.1412718424,8.38E-05,fixed,100,5000,adam,0.4460419265,0.1524290125,0.9585118037,0.4929969325,,,,
44,TRUE,0.35,18.52,2.05,13.458,12.135,4000,256,7,0.7215403668,FALSE,0.8377230318,3.50E-05,fixed,100,5000,adam,0.04335542313,0.8146906471,0.6481437242,0.2187952371,,,,
97,TRUE,0.55,18.46,0,13.335,12.405,4000,256,9,0.7398960273,FALSE,0.7176866311,8.36E-06,fixed,100,5000,adam,0.6239229112,0.05356895667,0.4851557365,0.3055254735,,,,
45,TRUE,0.86,18.45,0,12.984,10.724,4000,256,7,0.6027104141,FALSE,0.7314203915,7.29E-05,fixed,100,5000,adam,0.583328468,0.06746521813,0.7293980018,0.4176421707,,,,
56,TRUE,0.33,18.41,2.98,13.364,12.576,4000,256,10,0.8476082484,FALSE,0.7503716863,0.0009232668115,fixed,100,5000,adam,0.8913481178,0.747085398,0.2711359305,0.9617850028,,,,
62,TRUE,0.49,18.27,0,12.199,11.571,4000,256,2,0.6712355456,FALSE,0.2860324441,5.17E-05,fixed,100,5000,adam,0.8605255645,0.2547339657,0.2477374359,0.1328330713,,,,
115,TRUE,0.35,18.16,2.48,8.808,8.713,4000,256,6,0.1829364589,FALSE,0.01748234404,1.24E-05,fixed,100,5000,adam,0.9439409296,0.1147745421,0.175723927,0.2796795582,,,,
123,TRUE,0.35,18.16,2.48,8.808,8.713,4000,256,6,0.1829364589,FALSE,0.01748234404,1.24E-05,fixed,100,5000,adam,0.9439409296,0.1147745421,0.175723927,0.2796795582,,,,
25,TRUE,0.38,18.15,2.6,13.256,10.275,4000,256,7,0.5225727813,FALSE,0.8183541498,9.72E-06,fixed,100,5000,adam,0.8908226452,0.02559018819,0.2645554232,0.04012857529,,,,
101,TRUE,0.54,17.98,0,8.295,8.075,4000,256,8,0.2772049421,FALSE,0.03589219004,0.0005572599813,fixed,100,5000,adam,0.9036590255,0.0864912276,0.03940632615,0.8677505923,,,,
43,TRUE,0.53,17.73,1.36,11.023,10.589,4000,256,2,0.5816887554,FALSE,0.1327893027,9.76E-06,fixed,100,5000,adam,0.20918509,0.1524680137,0.9100391637,0.3304377056,,,,
88,TRUE,0.41,17.63,0,13.746,9.991,4000,256,4,0.4876616664,FALSE,0.9502596513,2.73E-05,fixed,100,5000,adam,0.1390946198,0.161641943,0.2618604829,0.3664730142,,,,
74,TRUE,0.62,17.62,0,12.155,10.008,4000,256,9,0.4977684087,FALSE,0.544085341,5.46E-06,fixed,100,5000,adam,0.2900643533,0.1377302688,0.6186624451,0.2823049633,,,,
51,TRUE,0.83,17.51,0,10.673,7.444,4000,256,10,0.009464238732,FALSE,0.4773879517,0.0004279111363,fixed,100,5000,adam,0.3915901674,0.7494252763,0.9396877545,0.7919936671,,,,
99,TRUE,0.61,17.47,0,13.198,13.182,4000,256,3,0.9003550125,FALSE,0.03619688742,0.0004362796374,fixed,100,5000,adam,0.3063610478,0.1028404715,0.2764393865,0.3255887541,,,,
32,TRUE,0.26,17.4,0,13.26,11.203,4000,256,6,0.6445711448,FALSE,0.8052009928,0.000138535456,fixed,100,5000,adam,0.1586595915,0.1484462649,0.4450933892,0.0386017437,,,,
93,TRUE,0.59,17.23,0,12.874,12,4000,256,2,0.7193086095,FALSE,0.5072253649,6.80E-05,fixed,100,5000,adam,0.3719898926,0.03990107645,0.537061631,0.473456168,,,,
7,TRUE,0.73,17.22,0,11.642,9.418,4000,256,10,0.5706151498,FALSE,0.4966320169,0.0008668873333,fixed,100,5000,adam,0.1808150981,0.02260009927,0.7722329792,0.0716286054,,,,
109,TRUE,0.04,17.09,8.36,6.812,6.714,4000,256,6,0.06142013204,FALSE,0.01256983822,0.0009672600924,fixed,100,5000,adam,0.1021736182,0.1438541084,0.1781702319,0.8834245921,,,,
117,TRUE,0.05,16.74,0,9.883,8.653,4000,256,10,0.2071310453,FALSE,0.2230104872,8.23E-05,fixed,100,5000,adam,0.1396669428,0.04778066854,0.8744290303,0.4104757657,,,,
127,TRUE,0.05,16.74,0,9.883,8.653,4000,256,10,0.2071310453,FALSE,0.2230104872,8.23E-05,fixed,100,5000,adam,0.1396669428,0.04778066854,0.8744290303,0.4104757657,,,,
71,TRUE,0,16.71,1.32,13.61,13.215,4000,256,7,0.8869697637,FALSE,0.9209975991,7.08E-06,fixed,100,5000,adam,0.01252486517,0.370515677,0.2144609254,0.7341568407,,,,
17,TRUE,0.01,16.67,2.31,13.599,13.291,4000,256,7,0.9130379603,FALSE,0.8690860328,0.0001688495528,fixed,100,5000,adam,0.03694019432,0.1974334276,0.7136255759,0.8086216666,,,,
38,TRUE,0,16.67,0,13.447,12.191,4000,256,4,0.7311254666,FALSE,0.8345319727,7.34E-05,fixed,100,5000,adam,0.02068286783,0.368971887,0.193966847,0.08586973085,,,,
14,TRUE,0,16.37,0,13.027,8.408,4000,256,10,0.2665169441,FALSE,0.8105846972,6.74E-05,fixed,100,5000,adam,0.009554466771,0.1743894145,0.3152703059,0.09553826272,,,,
41,TRUE,0,16.36,0,9.737,8.477,4000,256,9,0.3853658283,FALSE,0.2250012693,0.0001871930299,fixed,100,5000,adam,0.03081002488,0.7436935206,0.7636928237,0.9682204642,,,,
72,TRUE,0,16.32,0,11.623,11.253,4000,256,6,0.6229518213,FALSE,0.1443063695,9.61E-06,fixed,100,5000,adam,0.002399504893,0.5617556744,0.4597160724,0.5854594798,,,,
132,,,,,,,,,,,,,,,,,,,,,,,,,
133,,,,,,,,,,,,,,,,,,,,,,,,,
134,,,,,,,,,,,,,,,,,,,,,,,,,
135,,,,,,,,,,,,,,,,,,,,,,,,,
136,,,,,,,,,,,,,,,,,,,,,,,,,
137,,,,,,,,,,,,,,,,,,,,,,,,,
138,,,,,,,,,,,,,,,,,,,,,,,,,
139,,,,,,,,,,,,,,,,,,,,,,,,,
140,,,,,,,,,,,,,,,,,,,,,,,,,
141,,,,,,,,,,,,,,,,,,,,,,,,,
142,,,,,,,,,,,,,,,,,,,,,,,,,
143,,,,,,,,,,,,,,,,,,,,,,,,,
144,,,,,,,,,,,,,,,,,,,,,,,,,
145,,,,,,,,,,,,,,,,,,,,,,,,,
146,,,,,,,,,,,,,,,,,,,,,,,,,
147,,,,,,,,,,,,,,,,,,,,,,,,,
148,,,,,,,,,,,,,,,,,,,,,,,,,
149,,,,,,,,,,,,,,,,,,,,,,,,,
150,,,,,,,,,,,,,,,,,,,,,,,,,
151,,,,,,,,,,,,,,,,,,,,,,,,,
152,,,,,,,,,,,,,,,,,,,,,,,,,
153,,,,,,,,,,,,,,,,,,,,,,,,,
154,,,,,,,,,,,,,,,,,,,,,,,,,
155,,,,,,,,,,,,,,,,,,,,,,,,,
156,,,,,,,,,,,,,,,,,,,,,,,,,
157,,,,,,,,,,,,,,,,,,,,,,,,,
158,,,,,,,,,,,,,,,,,,,,,,,,,
159,,,,,,,,,,,,,,,,,,,,,,,,,